<?xml version="1.0"?>
<doc>
    <assembly>
        <name>MahApps.Metro.IconPacks.Codicons</name>
    </assembly>
    <members>
        <member name="T:MahApps.Metro.IconPacks.PackIconCodicons">
            <summary>
            Codicons are licensed under the [Creative Commons Attribution 4.0 International Public License](<see><cref>https://github.com/microsoft/vscode-codicons/blob/main/LICENSE</cref></see>).
            Contributions, corrections and requests can be made on GitHub <see><cref>https://github.com/microsoft/vscode-codicons</cref></see>.
            </summary>
        </member>
        <member name="P:MahApps.Metro.IconPacks.PackIconCodicons.Kind">
            <summary>
            Gets or sets the icon to display.
            </summary>
        </member>
        <member name="T:MahApps.Metro.IconPacks.PackIconCodiconsDataFactory">
            ******************************************
            This code is auto generated. Do not amend.
            ******************************************
        </member>
        <member name="M:MahApps.Metro.IconPacks.CodiconsImageExtension.GetPathData(System.Object)">
            <inheritdoc />
        </member>
        <member name="M:MahApps.Metro.IconPacks.CodiconsImageExtension.GetScaleTransform(System.Object)">
            <inheritdoc />
        </member>
        <member name="T:MahApps.Metro.IconPacks.PackIconCodiconsKind">
            ******************************************
            This code is auto generated. Do not amend.
            ******************************************
            <summary>
            List of available icons for use with <see cref="T:MahApps.Metro.IconPacks.PackIconCodicons" />.
            </summary>
            <remarks>
            Codicons are licensed under the [Creative Commons Attribution 4.0 International Public License](<see><cref>https://github.com/microsoft/vscode-codicons/blob/main/LICENSE</cref></see>).
            Contributions, corrections and requests can be made on GitHub <see><cref>https://github.com/microsoft/vscode-codicons</cref></see>.
            </remarks>
        </member>
        <member name="M:MahApps.Metro.IconPacks.Converter.PackIconCodiconsKindToImageConverter.GetPathData(System.Object)">
            <inheritdoc />
        </member>
        <member name="M:MahApps.Metro.IconPacks.Converter.PackIconCodiconsKindToImageConverter.GetScaleTransform(System.Object)">
            <inheritdoc />
        </member>
    </members>
</doc>
